<annotation verified="no">
  <folder>HorizontalBox</folder>
  <filename>000033</filename>
  <path>D:\sentinel\annotations\HorizontalBox\000033.png</path>
  <source>
    <database>Unknown</database>
  </source>
  <size>
    <width>256</width>
    <height>256</height>
    <depth>3</depth>
  </size>
  <segmented>0</segmented>
  <object>
    <type>bndbox</type>
    <name>ship</name>
    <pose>Unspecified</pose>
    <truncated>0</truncated>
    <difficult>0</difficult>
    <bndbox>
      <xmin>204</xmin>
      <ymin>63</ymin>
      <xmax>215</xmax>
      <ymax>86</ymax>
    </bndbox>
  </object>
  <object>
    <type>bndbox</type>
    <name>ship</name>
    <pose>Unspecified</pose>
    <truncated>0</truncated>
    <difficult>0</difficult>
    <bndbox>
      <xmin>234</xmin>
      <ymin>133</ymin>
      <xmax>244</xmax>
      <ymax>153</ymax>
    </bndbox>
  </object>
  <object>
    <type>bndbox</type>
    <name>ship</name>
    <pose>Unspecified</pose>
    <truncated>0</truncated>
    <difficult>0</difficult>
    <bndbox>
      <xmin>101</xmin>
      <ymin>193</ymin>
      <xmax>114</xmax>
      <ymax>210</ymax>
    </bndbox>
  </object>
  <object>
    <type>bndbox</type>
    <name>ship</name>
    <pose>Unspecified</pose>
    <truncated>0</truncated>
    <difficult>0</difficult>
    <bndbox>
      <xmin>91</xmin>
      <ymin>117</ymin>
      <xmax>100</xmax>
      <ymax>128</ymax>
    </bndbox>
  </object>
</annotation>
