<annotation verified="no">
  <folder>HorizontalBox</folder>
  <filename>000026</filename>
  <path>D:\sentinel\annotations\HorizontalBox\000026.png</path>
  <source>
    <database>Unknown</database>
  </source>
  <size>
    <width>256</width>
    <height>256</height>
    <depth>3</depth>
  </size>
  <segmented>0</segmented>
  <object>
    <type>bndbox</type>
    <name>ship</name>
    <pose>Unspecified</pose>
    <truncated>0</truncated>
    <difficult>0</difficult>
    <bndbox>
      <xmin>142</xmin>
      <ymin>33</ymin>
      <xmax>152</xmax>
      <ymax>54</ymax>
    </bndbox>
  </object>
  <object>
    <type>bndbox</type>
    <name>ship</name>
    <pose>Unspecified</pose>
    <truncated>0</truncated>
    <difficult>0</difficult>
    <bndbox>
      <xmin>77</xmin>
      <ymin>196</ymin>
      <xmax>86</xmax>
      <ymax>217</ymax>
    </bndbox>
  </object>
</annotation>
