<annotation verified="no">
  <folder>HorizontalBox</folder>
  <filename>000008</filename>
  <path>D:\sentinel\annotations\HorizontalBox\000008.png</path>
  <source>
    <database>Unknown</database>
  </source>
  <size>
    <width>256</width>
    <height>256</height>
    <depth>3</depth>
  </size>
  <segmented>0</segmented>
  <object>
    <type>bndbox</type>
    <name>ship</name>
    <pose>Unspecified</pose>
    <truncated>0</truncated>
    <difficult>0</difficult>
    <bndbox>
      <xmin>38</xmin>
      <ymin>186</ymin>
      <xmax>55</xmax>
      <ymax>196</ymax>
    </bndbox>
  </object>
  <object>
    <type>bndbox</type>
    <name>ship</name>
    <pose>Unspecified</pose>
    <truncated>0</truncated>
    <difficult>0</difficult>
    <bndbox>
      <xmin>143</xmin>
      <ymin>6</ymin>
      <xmax>151</xmax>
      <ymax>18</ymax>
    </bndbox>
  </object>
</annotation>
