<annotation verified="no">
  <folder>HorizontalBox</folder>
  <filename>000018</filename>
  <path>D:\sentinel\annotations\HorizontalBox\000018.png</path>
  <source>
    <database>Unknown</database>
  </source>
  <size>
    <width>256</width>
    <height>256</height>
    <depth>3</depth>
  </size>
  <segmented>0</segmented>
  <object>
    <type>bndbox</type>
    <name>ship</name>
    <pose>Unspecified</pose>
    <truncated>0</truncated>
    <difficult>0</difficult>
    <bndbox>
      <xmin>61</xmin>
      <ymin>27</ymin>
      <xmax>80</xmax>
      <ymax>45</ymax>
    </bndbox>
  </object>
  <object>
    <type>bndbox</type>
    <name>ship</name>
    <pose>Unspecified</pose>
    <truncated>0</truncated>
    <difficult>0</difficult>
    <bndbox>
      <xmin>114</xmin>
      <ymin>137</ymin>
      <xmax>131</xmax>
      <ymax>155</ymax>
    </bndbox>
  </object>
  <object>
    <type>bndbox</type>
    <name>ship</name>
    <pose>Unspecified</pose>
    <truncated>0</truncated>
    <difficult>0</difficult>
    <bndbox>
      <xmin>207</xmin>
      <ymin>192</ymin>
      <xmax>228</xmax>
      <ymax>210</ymax>
    </bndbox>
  </object>
</annotation>
