<annotation verified="no">
  <folder>HorizontalBox</folder>
  <filename>000030</filename>
  <path>D:\sentinel\annotations\HorizontalBox\000030.png</path>
  <source>
    <database>Unknown</database>
  </source>
  <size>
    <width>256</width>
    <height>256</height>
    <depth>3</depth>
  </size>
  <segmented>0</segmented>
  <object>
    <type>bndbox</type>
    <name>ship</name>
    <pose>Unspecified</pose>
    <truncated>0</truncated>
    <difficult>0</difficult>
    <bndbox>
      <xmin>96</xmin>
      <ymin>157</ymin>
      <xmax>117</xmax>
      <ymax>175</ymax>
    </bndbox>
  </object>
</annotation>
