<annotation verified="no">
  <folder>HorizontalBox</folder>
  <filename>000019</filename>
  <path>D:\sentinel\annotations\HorizontalBox\000019.png</path>
  <source>
    <database>Unknown</database>
  </source>
  <size>
    <width>256</width>
    <height>256</height>
    <depth>3</depth>
  </size>
  <segmented>0</segmented>
  <object>
    <type>bndbox</type>
    <name>ship</name>
    <pose>Unspecified</pose>
    <truncated>0</truncated>
    <difficult>0</difficult>
    <bndbox>
      <xmin>18</xmin>
      <ymin>75</ymin>
      <xmax>38</xmax>
      <ymax>96</ymax>
    </bndbox>
  </object>
  <object>
    <type>bndbox</type>
    <name>ship</name>
    <pose>Unspecified</pose>
    <truncated>1</truncated>
    <difficult>0</difficult>
    <bndbox>
      <xmin>207</xmin>
      <ymin>1</ymin>
      <xmax>228</xmax>
      <ymax>18</ymax>
    </bndbox>
  </object>
</annotation>
