<annotation verified="no">
  <folder>S1A_IW_SLC__1SDV_20210324T015812_20210324T015842_037134_045F3B_C775_Cal_deb_mat_ML_RGB</folder>
  <filename>S1A_IW_SLC__1SDV_20210324T015812_20210324T015842_037134_045F3B_C775_Cal_deb_mat_ML_RGB_7_7_1152_1297</filename>
  <path>D:\sentinel\patch\S1A_IW_SLC__1SDV_20210324T015812_20210324T015842_037134_045F3B_C775_Cal_deb_mat_ML_RGB\S1A_IW_SLC__1SDV_20210324T015812_20210324T015842_037134_045F3B_C775_Cal_deb_mat_ML_RGB_7_7_1152_1297.png</path>
  <source>
    <database>Unknown</database>
  </source>
  <size>
    <width>256</width>
    <height>256</height>
    <depth>3</depth>
  </size>
  <segmented>0</segmented>
  <object>
    <type>bndbox</type>
    <name>ship</name>
    <pose>Unspecified</pose>
    <truncated>0</truncated>
    <difficult>0</difficult>
    <bndbox><xmin>135</xmin><ymin>86</ymin><xmax>163</xmax><ymax>106</ymax></bndbox></object>
</annotation>