<annotation verified="no">
  <folder>S1A_IW_SLC__1SDV_20210226T110632_20210226T110702_036760_045245_BD1E_Cal_deb_mat_ML_RGB</folder>
  <filename>S1A_IW_SLC__1SDV_20210226T110632_20210226T110702_036760_045245_BD1E_Cal_deb_mat_ML_RGB_6_3_1532_384</filename>
  <path>D:\sentinel\patch\S1A_IW_SLC__1SDV_20210226T110632_20210226T110702_036760_045245_BD1E_Cal_deb_mat_ML_RGB\S1A_IW_SLC__1SDV_20210226T110632_20210226T110702_036760_045245_BD1E_Cal_deb_mat_ML_RGB_6_3_1532_384.png</path>
  <source>
    <database>Unknown</database>
  </source>
  <size>
    <width>256</width>
    <height>256</height>
    <depth>3</depth>
  </size>
  <segmented>0</segmented>
  <object>
    <type>bndbox</type>
    <name>ship</name>
    <pose>Unspecified</pose>
    <truncated>0</truncated>
    <difficult>0</difficult>
    <bndbox><xmin>104</xmin><ymin>62</ymin><xmax>130</xmax><ymax>88</ymax></bndbox></object>
  </annotation>