<annotation verified="no">
  <folder>HorizontalBox</folder>
  <filename>000230</filename>
  <path>D:\sentinel\annotations\HorizontalBox\000230.png</path>
  <source>
    <database>Unknown</database>
  </source>
  <size>
    <width>256</width>
    <height>256</height>
    <depth>3</depth>
  </size>
  <segmented>0</segmented>
  <object>
    <type>bndbox</type>
    <name>ship</name>
    <pose>Unspecified</pose>
    <truncated>0</truncated>
    <difficult>0</difficult>
    <bndbox>
      <xmin>84</xmin>
      <ymin>19</ymin>
      <xmax>100</xmax>
      <ymax>37</ymax>
    </bndbox>
  </object>
  <object>
    <type>bndbox</type>
    <name>ship</name>
    <pose>Unspecified</pose>
    <truncated>0</truncated>
    <difficult>0</difficult>
    <bndbox>
      <xmin>25</xmin>
      <ymin>218</ymin>
      <xmax>40</xmax>
      <ymax>235</ymax>
    </bndbox>
  </object>
</annotation>
