<annotation verified="no">
  <folder>HorizontalBox</folder>
  <filename>000222</filename>
  <path>D:\sentinel\annotations\HorizontalBox\000222.png</path>
  <source>
    <database>Unknown</database>
  </source>
  <size>
    <width>256</width>
    <height>256</height>
    <depth>3</depth>
  </size>
  <segmented>0</segmented>
  <object>
    <type>bndbox</type>
    <name>ship</name>
    <pose>Unspecified</pose>
    <truncated>0</truncated>
    <difficult>0</difficult>
    <bndbox>
      <xmin>56</xmin>
      <ymin>20</ymin>
      <xmax>72</xmax>
      <ymax>32</ymax>
    </bndbox>
  </object>
  <object>
    <type>bndbox</type>
    <name>ship</name>
    <pose>Unspecified</pose>
    <truncated>0</truncated>
    <difficult>0</difficult>
    <bndbox>
      <xmin>99</xmin>
      <ymin>133</ymin>
      <xmax>119</xmax>
      <ymax>159</ymax>
    </bndbox>
  </object>
</annotation>
