<annotation verified="no">
  <folder>S1A_IW_SLC__1SDV_20210325T154822_20210325T154849_037157_046001_1C01_Cal_deb_mat_ML_RGB</folder>
  <filename>S1A_IW_SLC__1SDV_20210325T154822_20210325T154849_037157_046001_1C01_Cal_deb_mat_ML_RGB_6_0_1513_576</filename>
  <path>D:\sentinel\patch\S1A_IW_SLC__1SDV_20210325T154822_20210325T154849_037157_046001_1C01_Cal_deb_mat_ML_RGB\S1A_IW_SLC__1SDV_20210325T154822_20210325T154849_037157_046001_1C01_Cal_deb_mat_ML_RGB_6_0_1513_576.png</path>
  <source>
    <database>Unknown</database>
  </source>
  <size>
    <width>256</width>
    <height>256</height>
    <depth>3</depth>
  </size>
  <segmented>0</segmented>
  <object>
    <type>bndbox</type>
    <name>ship</name>
    <pose>Unspecified</pose>
    <truncated>0</truncated>
    <difficult>0</difficult>
    <bndbox><xmin>148</xmin><ymin>59</ymin><xmax>165</xmax><ymax>76</ymax></bndbox></object>
  <object>
    <type>bndbox</type>
    <name>ship</name>
    <pose>Unspecified</pose>
    <truncated>0</truncated>
    <difficult>0</difficult>
    <bndbox><xmin>221</xmin><ymin>55</ymin><xmax>238</xmax><ymax>70</ymax></bndbox></object>
  <object>
    <type>bndbox</type>
    <name>ship</name>
    <pose>Unspecified</pose>
    <truncated>0</truncated>
    <difficult>0</difficult>
    <bndbox><xmin>198</xmin><ymin>137</ymin><xmax>215</xmax><ymax>152</ymax></bndbox></object>
  <object>
    <type>bndbox</type>
    <name>ship</name>
    <pose>Unspecified</pose>
    <truncated>0</truncated>
    <difficult>0</difficult>
    <bndbox><xmin>135</xmin><ymin>170</ymin><xmax>152</xmax><ymax>184</ymax></bndbox></object>
  <object>
    <type>bndbox</type>
    <name>ship</name>
    <pose>Unspecified</pose>
    <truncated>0</truncated>
    <difficult>0</difficult>
    <bndbox><xmin>197</xmin><ymin>234</ymin><xmax>215</xmax><ymax>247</ymax></bndbox></object>
</annotation>