<annotation verified="no">
  <folder>HorizontalBox</folder>
  <filename>000378</filename>
  <path>D:\sentinel\annotations\HorizontalBox\000378.png</path>
  <source>
    <database>Unknown</database>
  </source>
  <size>
    <width>256</width>
    <height>256</height>
    <depth>3</depth>
  </size>
  <segmented>0</segmented>
  <object>
    <type>bndbox</type>
    <name>ship</name>
    <pose>Unspecified</pose>
    <truncated>0</truncated>
    <difficult>0</difficult>
    <bndbox>
      <xmin>52</xmin>
      <ymin>184</ymin>
      <xmax>66</xmax>
      <ymax>200</ymax>
    </bndbox>
  </object>
  <object>
    <type>bndbox</type>
    <name>ship</name>
    <pose>Unspecified</pose>
    <truncated>0</truncated>
    <difficult>0</difficult>
    <bndbox>
      <xmin>170</xmin>
      <ymin>142</ymin>
      <xmax>178</xmax>
      <ymax>154</ymax>
    </bndbox>
  </object>
</annotation>
