<annotation verified="no">
  <folder>HorizontalBox</folder>
  <filename>000390</filename>
  <path>D:\sentinel\annotations\HorizontalBox\000390.png</path>
  <source>
    <database>Unknown</database>
  </source>
  <size>
    <width>256</width>
    <height>256</height>
    <depth>3</depth>
  </size>
  <segmented>0</segmented>
  <object>
    <type>bndbox</type>
    <name>ship</name>
    <pose>Unspecified</pose>
    <truncated>0</truncated>
    <difficult>0</difficult>
    <bndbox>
      <xmin>181</xmin>
      <ymin>193</ymin>
      <xmax>206</xmax>
      <ymax>210</ymax>
    </bndbox>
  </object>
  <object>
    <type>bndbox</type>
    <name>ship</name>
    <pose>Unspecified</pose>
    <truncated>1</truncated>
    <difficult>0</difficult>
    <bndbox>
      <xmin>1</xmin>
      <ymin>196</ymin>
      <xmax>6</xmax>
      <ymax>204</ymax>
    </bndbox>
  </object>
</annotation>
