<annotation verified="no">
  <folder>S1A_IW_SLC__1SDV_20210326T095453_20210326T095520_037168_046065_BA1E_Cal_deb_mat_ML_RGB</folder>
  <filename>S1A_IW_SLC__1SDV_20210326T095453_20210326T095520_037168_046065_BA1E_Cal_deb_mat_ML_RGB_4_8_960_1156</filename>
  <path>D:\sentinel\patch\S1A_IW_SLC__1SDV_20210326T095453_20210326T095520_037168_046065_BA1E_Cal_deb_mat_ML_RGB\S1A_IW_SLC__1SDV_20210326T095453_20210326T095520_037168_046065_BA1E_Cal_deb_mat_ML_RGB_4_8_960_1156.png</path>
  <source>
    <database>Unknown</database>
  </source>
  <size>
    <width>256</width>
    <height>256</height>
    <depth>3</depth>
  </size>
  <segmented>0</segmented>
  <object>
    <type>bndbox</type>
    <name>ship</name>
    <pose>Unspecified</pose>
    <truncated>0</truncated>
    <difficult>0</difficult>
    <bndbox><xmin>229</xmin><ymin>76</ymin><xmax>241</xmax><ymax>93</ymax></bndbox></object>
  <object>
    <type>bndbox</type>
    <name>ship</name>
    <pose>Unspecified</pose>
    <truncated>0</truncated>
    <difficult>0</difficult>
    <bndbox><xmin>216</xmin><ymin>232</ymin><xmax>229</xmax><ymax>252</ymax></bndbox></object>
</annotation>