<annotation verified="no">
  <folder>S1A_IW_SLC__1SDV_20210326T095453_20210326T095520_037168_046065_BA1E_Cal_deb_mat_ML_RGB</folder>
  <filename>S1A_IW_SLC__1SDV_20210326T095453_20210326T095520_037168_046065_BA1E_Cal_deb_mat_ML_RGB_0_8_576_960</filename>
  <path>D:\sentinel\patch\S1A_IW_SLC__1SDV_20210326T095453_20210326T095520_037168_046065_BA1E_Cal_deb_mat_ML_RGB\S1A_IW_SLC__1SDV_20210326T095453_20210326T095520_037168_046065_BA1E_Cal_deb_mat_ML_RGB_0_8_576_960.png</path>
  <source>
    <database>Unknown</database>
  </source>
  <size>
    <width>256</width>
    <height>256</height>
    <depth>3</depth>
  </size>
  <segmented>0</segmented>
  <object>
    <type>bndbox</type>
    <name>ship</name>
    <pose>Unspecified</pose>
    <truncated>0</truncated>
    <difficult>0</difficult>
    <bndbox><xmin>62</xmin><ymin>122</ymin><xmax>90</xmax><ymax>144</ymax></bndbox></object>
  </annotation>