<annotation verified="no">
  <folder>S1A_IW_SLC__1SDV_20210326T095453_20210326T095520_037168_046065_BA1E_Cal_deb_mat_ML_RGB</folder>
  <filename>S1A_IW_SLC__1SDV_20210326T095453_20210326T095520_037168_046065_BA1E_Cal_deb_mat_ML_RGB_5_7_1152_192</filename>
  <path>D:\sentinel\patch\S1A_IW_SLC__1SDV_20210326T095453_20210326T095520_037168_046065_BA1E_Cal_deb_mat_ML_RGB\S1A_IW_SLC__1SDV_20210326T095453_20210326T095520_037168_046065_BA1E_Cal_deb_mat_ML_RGB_5_7_1152_192.png</path>
  <source>
    <database>Unknown</database>
  </source>
  <size>
    <width>256</width>
    <height>256</height>
    <depth>3</depth>
  </size>
  <segmented>0</segmented>
  <object>
    <type>bndbox</type>
    <name>ship</name>
    <pose>Unspecified</pose>
    <truncated>0</truncated>
    <difficult>0</difficult>
    <bndbox><xmin>23</xmin><ymin>51</ymin><xmax>36</xmax><ymax>60</ymax></bndbox></object>
  <object>
    <type>bndbox</type>
    <name>ship</name>
    <pose>Unspecified</pose>
    <truncated>0</truncated>
    <difficult>0</difficult>
    <bndbox><xmin>5</xmin><ymin>179</ymin><xmax>22</xmax><ymax>189</ymax></bndbox></object>
  <object>
    <type>bndbox</type>
    <name>ship</name>
    <pose>Unspecified</pose>
    <truncated>0</truncated>
    <difficult>0</difficult>
    <bndbox><xmin>123</xmin><ymin>134</ymin><xmax>136</xmax><ymax>143</ymax></bndbox></object>
  <object>
    <type>bndbox</type>
    <name>ship</name>
    <pose>Unspecified</pose>
    <truncated>0</truncated>
    <difficult>0</difficult>
    <bndbox><xmin>199</xmin><ymin>127</ymin><xmax>213</xmax><ymax>138</ymax></bndbox></object>
  </annotation>