<annotation verified="no">
  <folder>HorizontalBox</folder>
  <filename>000386</filename>
  <path>D:\sentinel\annotations\HorizontalBox\000386.png</path>
  <source>
    <database>Unknown</database>
  </source>
  <size>
    <width>256</width>
    <height>256</height>
    <depth>3</depth>
  </size>
  <segmented>0</segmented>
  <object>
    <type>bndbox</type>
    <name>ship</name>
    <pose>Unspecified</pose>
    <truncated>0</truncated>
    <difficult>0</difficult>
    <bndbox>
      <xmin>60</xmin>
      <ymin>147</ymin>
      <xmax>75</xmax>
      <ymax>165</ymax>
    </bndbox>
  </object>
  <object>
    <type>bndbox</type>
    <name>ship</name>
    <pose>Unspecified</pose>
    <truncated>0</truncated>
    <difficult>0</difficult>
    <bndbox>
      <xmin>104</xmin>
      <ymin>5</ymin>
      <xmax>119</xmax>
      <ymax>22</ymax>
    </bndbox>
  </object>
</annotation>
