<annotation verified="no">
  <folder>HorizontalBox</folder>
  <filename>000409</filename>
  <path>D:\sentinel\annotations\HorizontalBox\000409.png</path>
  <source>
    <database>Unknown</database>
  </source>
  <size>
    <width>256</width>
    <height>256</height>
    <depth>3</depth>
  </size>
  <segmented>0</segmented>
  <object>
    <type>bndbox</type>
    <name>ship</name>
    <pose>Unspecified</pose>
    <truncated>0</truncated>
    <difficult>0</difficult>
    <bndbox>
      <xmin>188</xmin>
      <ymin>67</ymin>
      <xmax>206</xmax>
      <ymax>77</ymax>
    </bndbox>
  </object>
  <object>
    <type>bndbox</type>
    <name>ship</name>
    <pose>Unspecified</pose>
    <truncated>0</truncated>
    <difficult>0</difficult>
    <bndbox>
      <xmin>115</xmin>
      <ymin>80</ymin>
      <xmax>127</xmax>
      <ymax>96</ymax>
    </bndbox>
  </object>
  <object>
    <type>bndbox</type>
    <name>ship</name>
    <pose>Unspecified</pose>
    <truncated>0</truncated>
    <difficult>0</difficult>
    <bndbox>
      <xmin>142</xmin>
      <ymin>154</ymin>
      <xmax>167</xmax>
      <ymax>167</ymax>
    </bndbox>
  </object>
  <object>
    <type>bndbox</type>
    <name>ship</name>
    <pose>Unspecified</pose>
    <truncated>0</truncated>
    <difficult>0</difficult>
    <bndbox>
      <xmin>45</xmin>
      <ymin>230</ymin>
      <xmax>53</xmax>
      <ymax>246</ymax>
    </bndbox>
  </object>
  <object>
    <type>bndbox</type>
    <name>ship</name>
    <pose>Unspecified</pose>
    <truncated>1</truncated>
    <difficult>0</difficult>
    <bndbox>
      <xmin>1</xmin>
      <ymin>171</ymin>
      <xmax>12</xmax>
      <ymax>191</ymax>
    </bndbox>
  </object>
</annotation>
