<annotation verified="no">
  <folder>S1A_IW_SLC__1SDV_20210326T095453_20210326T095520_037168_046065_BA1E_Cal_deb_mat_ML_RGB</folder>
  <filename>S1A_IW_SLC__1SDV_20210326T095453_20210326T095520_037168_046065_BA1E_Cal_deb_mat_ML_RGB_5_8_0_1152</filename>
  <path>D:\sentinel\patch\S1A_IW_SLC__1SDV_20210326T095453_20210326T095520_037168_046065_BA1E_Cal_deb_mat_ML_RGB\S1A_IW_SLC__1SDV_20210326T095453_20210326T095520_037168_046065_BA1E_Cal_deb_mat_ML_RGB_5_8_0_1152.png</path>
  <source>
    <database>Unknown</database>
  </source>
  <size>
    <width>256</width>
    <height>256</height>
    <depth>3</depth>
  </size>
  <segmented>0</segmented>
  <object>
    <type>bndbox</type>
    <name>ship</name>
    <pose>Unspecified</pose>
    <truncated>0</truncated>
    <difficult>0</difficult>
    <bndbox><xmin>106</xmin><ymin>50</ymin><xmax>120</xmax><ymax>72</ymax></bndbox></object>
  <object>
    <type>bndbox</type>
    <name>ship</name>
    <pose>Unspecified</pose>
    <truncated>0</truncated>
    <difficult>0</difficult>
    <bndbox><xmin>45</xmin><ymin>102</ymin><xmax>63</xmax><ymax>123</ymax></bndbox></object>
  <object>
    <type>bndbox</type>
    <name>ship</name>
    <pose>Unspecified</pose>
    <truncated>0</truncated>
    <difficult>0</difficult>
    <bndbox><xmin>194</xmin><ymin>223</ymin><xmax>207</xmax><ymax>238</ymax></bndbox></object>
</annotation>