<annotation verified="no">
  <folder>HorizontalBox</folder>
  <filename>000434</filename>
  <path>D:\sentinel\annotations\HorizontalBox\000434.png</path>
  <source>
    <database>Unknown</database>
  </source>
  <size>
    <width>256</width>
    <height>256</height>
    <depth>3</depth>
  </size>
  <segmented>0</segmented>
  <object>
    <type>bndbox</type>
    <name>ship</name>
    <pose>Unspecified</pose>
    <truncated>0</truncated>
    <difficult>0</difficult>
    <bndbox>
      <xmin>60</xmin>
      <ymin>83</ymin>
      <xmax>79</xmax>
      <ymax>107</ymax>
    </bndbox>
  </object>
  <object>
    <type>bndbox</type>
    <name>ship</name>
    <pose>Unspecified</pose>
    <truncated>1</truncated>
    <difficult>0</difficult>
    <bndbox>
      <xmin>1</xmin>
      <ymin>149</ymin>
      <xmax>18</xmax>
      <ymax>160</ymax>
    </bndbox>
  </object>
</annotation>
