<annotation verified="no">
  <folder>S1A_IW_SLC__1SDV_20210326T095453_20210326T095520_037168_046065_BA1E_Cal_deb_mat_ML_RGB</folder>
  <filename>S1A_IW_SLC__1SDV_20210326T095453_20210326T095520_037168_046065_BA1E_Cal_deb_mat_ML_RGB_5_8_1152_192</filename>
  <path>D:\sentinel\patch\S1A_IW_SLC__1SDV_20210326T095453_20210326T095520_037168_046065_BA1E_Cal_deb_mat_ML_RGB\S1A_IW_SLC__1SDV_20210326T095453_20210326T095520_037168_046065_BA1E_Cal_deb_mat_ML_RGB_5_8_1152_192.png</path>
  <source>
    <database>Unknown</database>
  </source>
  <size>
    <width>256</width>
    <height>256</height>
    <depth>3</depth>
  </size>
  <segmented>0</segmented>
  <object>
    <type>bndbox</type>
    <name>ship</name>
    <pose>Unspecified</pose>
    <truncated>0</truncated>
    <difficult>0</difficult>
    <bndbox><xmin>210</xmin><ymin>164</ymin><xmax>219</xmax><ymax>180</ymax></bndbox></object>
  <object>
    <type>bndbox</type>
    <name>ship</name>
    <pose>Unspecified</pose>
    <truncated>0</truncated>
    <difficult>0</difficult>
    <bndbox><xmin>75</xmin><ymin>110</ymin><xmax>91</xmax><ymax>131</ymax></bndbox></object>
  </annotation>