<annotation verified="no">
  <folder>HorizontalBox</folder>
  <filename>000437</filename>
  <path>D:\sentinel\annotations\HorizontalBox\000437.png</path>
  <source>
    <database>Unknown</database>
  </source>
  <size>
    <width>256</width>
    <height>256</height>
    <depth>3</depth>
  </size>
  <segmented>0</segmented>
  <object>
    <type>bndbox</type>
    <name>ship</name>
    <pose>Unspecified</pose>
    <truncated>0</truncated>
    <difficult>0</difficult>
    <bndbox>
      <xmin>151</xmin>
      <ymin>45</ymin>
      <xmax>166</xmax>
      <ymax>70</ymax>
    </bndbox>
  </object>
</annotation>
