<annotation verified="no">
  <folder>S1A_IW_SLC__1SDV_20210331T000954_20210331T001022_037235_0462B3_3762_Cal_deb_mat_ML_RGB</folder>
  <filename>S1A_IW_SLC__1SDV_20210331T000954_20210331T001022_037235_0462B3_3762_Cal_deb_mat_ML_RGB_3_6_1152_192</filename>
  <path>D:\sentinel\patch\S1A_IW_SLC__1SDV_20210331T000954_20210331T001022_037235_0462B3_3762_Cal_deb_mat_ML_RGB\S1A_IW_SLC__1SDV_20210331T000954_20210331T001022_037235_0462B3_3762_Cal_deb_mat_ML_RGB_3_6_1152_192.png</path>
  <source>
    <database>Unknown</database>
  </source>
  <size>
    <width>256</width>
    <height>256</height>
    <depth>3</depth>
  </size>
  <segmented>0</segmented>
  <object>
    <type>bndbox</type>
    <name>ship</name>
    <pose>Unspecified</pose>
    <truncated>0</truncated>
    <difficult>0</difficult>
    <bndbox><xmin>141</xmin><ymin>105</ymin><xmax>157</xmax><ymax>113</ymax></bndbox></object>
</annotation>