<annotation verified="no">
  <folder>S1A_IW_SLC__1SDV_20210330T155624_20210330T155651_037230_046288_E27F_Cal_deb_mat_ML_RGB</folder>
  <filename>S1A_IW_SLC__1SDV_20210330T155624_20210330T155651_037230_046288_E27F_Cal_deb_mat_ML_RGB_9_8_768_768</filename>
  <path>D:\sentinel\patch\S1A_IW_SLC__1SDV_20210330T155624_20210330T155651_037230_046288_E27F_Cal_deb_mat_ML_RGB\S1A_IW_SLC__1SDV_20210330T155624_20210330T155651_037230_046288_E27F_Cal_deb_mat_ML_RGB_9_8_768_768.png</path>
  <source>
    <database>Unknown</database>
  </source>
  <size>
    <width>256</width>
    <height>256</height>
    <depth>3</depth>
  </size>
  <segmented>0</segmented>
  <object>
    <type>bndbox</type>
    <name>ship</name>
    <pose>Unspecified</pose>
    <truncated>0</truncated>
    <difficult>0</difficult>
    <bndbox><xmin>112</xmin><ymin>49</ymin><xmax>126</xmax><ymax>70</ymax></bndbox></object>
  <object>
    <type>bndbox</type>
    <name>ship</name>
    <pose>Unspecified</pose>
    <truncated>0</truncated>
    <difficult>0</difficult>
    <bndbox><xmin>26</xmin><ymin>27</ymin><xmax>45</xmax><ymax>48</ymax></bndbox></object>
  <object>
    <type>bndbox</type>
    <name>ship</name>
    <pose>Unspecified</pose>
    <truncated>0</truncated>
    <difficult>0</difficult>
    <bndbox><xmin>32</xmin><ymin>138</ymin><xmax>46</xmax><ymax>160</ymax></bndbox></object>
  <object>
    <type>bndbox</type>
    <name>ship</name>
    <pose>Unspecified</pose>
    <truncated>0</truncated>
    <difficult>0</difficult>
    <bndbox><xmin>98</xmin><ymin>150</ymin><xmax>109</xmax><ymax>167</ymax></bndbox></object>
</annotation>