<annotation verified="no">
  <folder>S1A_IW_SLC__1SDV_20210331T001020_20210331T001047_037235_0462B3_37E3_Cal_deb_mat_ML_RGB</folder>
  <filename>S1A_IW_SLC__1SDV_20210331T001020_20210331T001047_037235_0462B3_37E3_Cal_deb_mat_ML_RGB_3_4_192_576</filename>
  <path>D:\sentinel\patch\S1A_IW_SLC__1SDV_20210331T001020_20210331T001047_037235_0462B3_37E3_Cal_deb_mat_ML_RGB\S1A_IW_SLC__1SDV_20210331T001020_20210331T001047_037235_0462B3_37E3_Cal_deb_mat_ML_RGB_3_4_192_576.png</path>
  <source>
    <database>Unknown</database>
  </source>
  <size>
    <width>256</width>
    <height>256</height>
    <depth>3</depth>
  </size>
  <segmented>0</segmented>
  <object>
    <type>bndbox</type>
    <name>ship</name>
    <pose>Unspecified</pose>
    <truncated>0</truncated>
    <difficult>0</difficult>
    <bndbox><xmin>208</xmin><ymin>204</ymin><xmax>220</xmax><ymax>224</ymax></bndbox></object>
</annotation>