<annotation verified="no">
  <folder>S1A_IW_SLC__1SDV_20210331T001020_20210331T001047_037235_0462B3_37E3_Cal_deb_mat_ML_RGB</folder>
  <filename>S1A_IW_SLC__1SDV_20210331T001020_20210331T001047_037235_0462B3_37E3_Cal_deb_mat_ML_RGB_3_3_192_960</filename>
  <path>D:\sentinel\patch\S1A_IW_SLC__1SDV_20210331T001020_20210331T001047_037235_0462B3_37E3_Cal_deb_mat_ML_RGB\S1A_IW_SLC__1SDV_20210331T001020_20210331T001047_037235_0462B3_37E3_Cal_deb_mat_ML_RGB_3_3_192_960.png</path>
  <source>
    <database>Unknown</database>
  </source>
  <size>
    <width>256</width>
    <height>256</height>
    <depth>3</depth>
  </size>
  <segmented>0</segmented>
  <object>
    <type>bndbox</type>
    <name>ship</name>
    <pose>Unspecified</pose>
    <truncated>0</truncated>
    <difficult>0</difficult>
    <bndbox><xmin>200</xmin><ymin>120</ymin><xmax>214</xmax><ymax>145</ymax></bndbox></object>
  </annotation>