<annotation verified="no">
  <folder>HorizontalBox</folder>
  <filename>000593</filename>
  <path>D:\sentinel\annotations\HorizontalBox\000593.png</path>
  <source>
    <database>Unknown</database>
  </source>
  <size>
    <width>256</width>
    <height>256</height>
    <depth>3</depth>
  </size>
  <segmented>0</segmented>
  <object>
    <type>bndbox</type>
    <name>ship</name>
    <pose>Unspecified</pose>
    <truncated>0</truncated>
    <difficult>0</difficult>
    <bndbox>
      <xmin>205</xmin>
      <ymin>114</ymin>
      <xmax>221</xmax>
      <ymax>123</ymax>
    </bndbox>
  </object>
  <object>
    <type>bndbox</type>
    <name>ship</name>
    <pose>Unspecified</pose>
    <truncated>0</truncated>
    <difficult>0</difficult>
    <bndbox>
      <xmin>111</xmin>
      <ymin>192</ymin>
      <xmax>122</xmax>
      <ymax>214</ymax>
    </bndbox>
  </object>
</annotation>
