<annotation verified="no">
  <folder>S1A_IW_SLC__1SDV_20210331T001020_20210331T001047_037235_0462B3_37E3_Cal_deb_mat_ML_RGB</folder>
  <filename>S1A_IW_SLC__1SDV_20210331T001020_20210331T001047_037235_0462B3_37E3_Cal_deb_mat_ML_RGB_5_9_1344_1152</filename>
  <path>D:\sentinel\patch\S1A_IW_SLC__1SDV_20210331T001020_20210331T001047_037235_0462B3_37E3_Cal_deb_mat_ML_RGB\S1A_IW_SLC__1SDV_20210331T001020_20210331T001047_037235_0462B3_37E3_Cal_deb_mat_ML_RGB_5_9_1344_1152.png</path>
  <source>
    <database>Unknown</database>
  </source>
  <size>
    <width>256</width>
    <height>256</height>
    <depth>3</depth>
  </size>
  <segmented>0</segmented>
  <object>
    <type>bndbox</type>
    <name>ship</name>
    <pose>Unspecified</pose>
    <truncated>0</truncated>
    <difficult>0</difficult>
    <bndbox><xmin>133</xmin><ymin>38</ymin><xmax>152</xmax><ymax>49</ymax></bndbox></object>
  <object>
    <type>bndbox</type>
    <name>ship</name>
    <pose>Unspecified</pose>
    <truncated>0</truncated>
    <difficult>0</difficult>
    <bndbox><xmin>107</xmin><ymin>51</ymin><xmax>126</xmax><ymax>73</ymax></bndbox></object>
  <object>
    <type>bndbox</type>
    <name>ship</name>
    <pose>Unspecified</pose>
    <truncated>0</truncated>
    <difficult>0</difficult>
    <bndbox><xmin>105</xmin><ymin>72</ymin><xmax>128</xmax><ymax>93</ymax></bndbox></object>
  <object>
    <type>bndbox</type>
    <name>ship</name>
    <pose>Unspecified</pose>
    <truncated>0</truncated>
    <difficult>0</difficult>
    <bndbox><xmin>116</xmin><ymin>113</ymin><xmax>127</xmax><ymax>125</ymax></bndbox></object>
  <object>
    <type>bndbox</type>
    <name>ship</name>
    <pose>Unspecified</pose>
    <truncated>0</truncated>
    <difficult>0</difficult>
    <bndbox><xmin>126</xmin><ymin>114</ymin><xmax>144</xmax><ymax>132</ymax></bndbox></object>
  <object>
    <type>bndbox</type>
    <name>ship</name>
    <pose>Unspecified</pose>
    <truncated>0</truncated>
    <difficult>0</difficult>
    <bndbox><xmin>128</xmin><ymin>44</ymin><xmax>149</xmax><ymax>64</ymax></bndbox></object>
  <object>
    <type>bndbox</type>
    <name>ship</name>
    <pose>Unspecified</pose>
    <truncated>0</truncated>
    <difficult>0</difficult>
    <bndbox><xmin>84</xmin><ymin>72</ymin><xmax>109</xmax><ymax>95</ymax></bndbox></object>
  <object>
    <type>bndbox</type>
    <name>ship</name>
    <pose>Unspecified</pose>
    <truncated>0</truncated>
    <difficult>0</difficult>
    <bndbox><xmin>73</xmin><ymin>92</ymin><xmax>92</xmax><ymax>111</ymax></bndbox></object>
  <object>
    <type>bndbox</type>
    <name>ship</name>
    <pose>Unspecified</pose>
    <truncated>0</truncated>
    <difficult>0</difficult>
    <bndbox><xmin>34</xmin><ymin>111</ymin><xmax>57</xmax><ymax>129</ymax></bndbox></object>
  <object>
    <type>bndbox</type>
    <name>ship</name>
    <pose>Unspecified</pose>
    <truncated>0</truncated>
    <difficult>0</difficult>
    <bndbox><xmin>3</xmin><ymin>182</ymin><xmax>25</xmax><ymax>189</ymax></bndbox></object>
  </annotation>