<annotation verified="no">
  <folder>S1A_IW_SLC__1SDV_20210331T000905_20210331T000932_037235_0462B3_B5CB_Cal_deb_mat_ML_RGB</folder>
  <filename>S1A_IW_SLC__1SDV_20210331T000905_20210331T000932_037235_0462B3_B5CB_Cal_deb_mat_ML_RGB_5_5_384_960</filename>
  <path>D:\sentinel\patch\S1A_IW_SLC__1SDV_20210331T000905_20210331T000932_037235_0462B3_B5CB_Cal_deb_mat_ML_RGB\S1A_IW_SLC__1SDV_20210331T000905_20210331T000932_037235_0462B3_B5CB_Cal_deb_mat_ML_RGB_5_5_384_960.png</path>
  <source>
    <database>Unknown</database>
  </source>
  <size>
    <width>256</width>
    <height>256</height>
    <depth>3</depth>
  </size>
  <segmented>0</segmented>
  <object>
    <type>bndbox</type>
    <name>ship</name>
    <pose>Unspecified</pose>
    <truncated>0</truncated>
    <difficult>0</difficult>
    <bndbox><xmin>148</xmin><ymin>43</ymin><xmax>170</xmax><ymax>63</ymax></bndbox></object>
</annotation>