<annotation verified="no">
  <folder>HorizontalBox</folder>
  <filename>000637</filename>
  <path>D:\sentinel\annotations\HorizontalBox\000637.png</path>
  <source>
    <database>Unknown</database>
  </source>
  <size>
    <width>256</width>
    <height>256</height>
    <depth>3</depth>
  </size>
  <segmented>0</segmented>
  <object>
    <type>bndbox</type>
    <name>ship</name>
    <pose>Unspecified</pose>
    <truncated>0</truncated>
    <difficult>0</difficult>
    <bndbox>
      <xmin>18</xmin>
      <ymin>168</ymin>
      <xmax>43</xmax>
      <ymax>180</ymax>
    </bndbox>
  </object>
  <object>
    <type>bndbox</type>
    <name>ship</name>
    <pose>Unspecified</pose>
    <truncated>0</truncated>
    <difficult>0</difficult>
    <bndbox>
      <xmin>178</xmin>
      <ymin>185</ymin>
      <xmax>189</xmax>
      <ymax>205</ymax>
    </bndbox>
  </object>
</annotation>
