<annotation verified="no">
  <folder>HorizontalBox</folder>
  <filename>000621</filename>
  <path>D:\sentinel\annotations\HorizontalBox\000621.png</path>
  <source>
    <database>Unknown</database>
  </source>
  <size>
    <width>256</width>
    <height>256</height>
    <depth>3</depth>
  </size>
  <segmented>0</segmented>
  <object>
    <type>bndbox</type>
    <name>ship</name>
    <pose>Unspecified</pose>
    <truncated>0</truncated>
    <difficult>0</difficult>
    <bndbox>
      <xmin>163</xmin>
      <ymin>8</ymin>
      <xmax>183</xmax>
      <ymax>27</ymax>
    </bndbox>
  </object>
  <object>
    <type>bndbox</type>
    <name>ship</name>
    <pose>Unspecified</pose>
    <truncated>0</truncated>
    <difficult>0</difficult>
    <bndbox>
      <xmin>124</xmin>
      <ymin>196</ymin>
      <xmax>132</xmax>
      <ymax>214</ymax>
    </bndbox>
  </object>
</annotation>
