<annotation verified="no">
  <folder>S1A_IW_SLC__1SDV_20210402T034448_20210402T034516_037266_0463D7_ABCB_Cal_deb_mat_ML_RGB</folder>
  <filename>S1A_IW_SLC__1SDV_20210402T034448_20210402T034516_037266_0463D7_ABCB_Cal_deb_mat_ML_RGB_4_8_1344_192</filename>
  <path>D:\sentinel\patch\S1A_IW_SLC__1SDV_20210402T034448_20210402T034516_037266_0463D7_ABCB_Cal_deb_mat_ML_RGB\S1A_IW_SLC__1SDV_20210402T034448_20210402T034516_037266_0463D7_ABCB_Cal_deb_mat_ML_RGB_4_8_1344_192.png</path>
  <source>
    <database>Unknown</database>
  </source>
  <size>
    <width>256</width>
    <height>256</height>
    <depth>3</depth>
  </size>
  <segmented>0</segmented>
  <object>
    <type>bndbox</type>
    <name>ship</name>
    <pose>Unspecified</pose>
    <truncated>0</truncated>
    <difficult>0</difficult>
    <bndbox><xmin>6</xmin><ymin>30</ymin><xmax>23</xmax><ymax>41</ymax></bndbox></object>
  <object>
    <type>bndbox</type>
    <name>ship</name>
    <pose>Unspecified</pose>
    <truncated>0</truncated>
    <difficult>0</difficult>
    <bndbox><xmin>43</xmin><ymin>41</ymin><xmax>61</xmax><ymax>55</ymax></bndbox></object>
  <object>
    <type>bndbox</type>
    <name>ship</name>
    <pose>Unspecified</pose>
    <truncated>0</truncated>
    <difficult>0</difficult>
    <bndbox><xmin>78</xmin><ymin>155</ymin><xmax>97</xmax><ymax>167</ymax></bndbox></object>
  <object>
    <type>bndbox</type>
    <name>ship</name>
    <pose>Unspecified</pose>
    <truncated>0</truncated>
    <difficult>0</difficult>
    <bndbox><xmin>153</xmin><ymin>37</ymin><xmax>170</xmax><ymax>48</ymax></bndbox></object>
  <object>
    <type>bndbox</type>
    <name>ship</name>
    <pose>Unspecified</pose>
    <truncated>0</truncated>
    <difficult>0</difficult>
    <bndbox><xmin>147</xmin><ymin>88</ymin><xmax>166</xmax><ymax>100</ymax></bndbox></object>
  <object>
    <type>bndbox</type>
    <name>ship</name>
    <pose>Unspecified</pose>
    <truncated>0</truncated>
    <difficult>0</difficult>
    <bndbox><xmin>158</xmin><ymin>175</ymin><xmax>172</xmax><ymax>183</ymax></bndbox></object>
  </annotation>