<annotation verified="no">
  <folder>S1A_IW_SLC__1SDV_20210331T190743_20210331T190811_037246_046322_4CE7_Cal_deb_mat_ML_RGB</folder>
  <filename>S1A_IW_SLC__1SDV_20210331T190743_20210331T190811_037246_046322_4CE7_Cal_deb_mat_ML_RGB_5_9_384_384</filename>
  <path>D:\sentinel\patch\S1A_IW_SLC__1SDV_20210331T190743_20210331T190811_037246_046322_4CE7_Cal_deb_mat_ML_RGB\S1A_IW_SLC__1SDV_20210331T190743_20210331T190811_037246_046322_4CE7_Cal_deb_mat_ML_RGB_5_9_384_384.png</path>
  <source>
    <database>Unknown</database>
  </source>
  <size>
    <width>256</width>
    <height>256</height>
    <depth>3</depth>
  </size>
  <segmented>0</segmented>
  <object>
    <type>bndbox</type>
    <name>ship</name>
    <pose>Unspecified</pose>
    <truncated>0</truncated>
    <difficult>0</difficult>
    <bndbox><xmin>157</xmin><ymin>178</ymin><xmax>175</xmax><ymax>204</ymax></bndbox></object>
  </annotation>