<annotation verified="no">
  <folder>train</folder>
  <filename>000743</filename>
  <path>D:\sentinel\JPEGImages\train\000743.jpg</path>
  <source>
    <database>Unknown</database>
  </source>
  <size>
    <width>256</width>
    <height>256</height>
    <depth>3</depth>
  </size>
  <segmented>0</segmented>
  <object>
    <type>bndbox</type>
    <name>ship</name>
    <pose>Unspecified</pose>
    <truncated>0</truncated>
    <difficult>0</difficult>
    <bndbox><xmin>131</xmin><ymin>50</ymin><xmax>149</xmax><ymax>68</ymax></bndbox></object>
  <object>
    <type>bndbox</type>
    <name>ship</name>
    <pose>Unspecified</pose>
    <truncated>0</truncated>
    <difficult>0</difficult>
    <bndbox><xmin>35</xmin><ymin>30</ymin><xmax>53</xmax><ymax>46</ymax></bndbox></object>
  <object>
    <type>bndbox</type>
    <name>ship</name>
    <pose>Unspecified</pose>
    <truncated>0</truncated>
    <difficult>0</difficult>
    <bndbox><xmin>106</xmin><ymin>131</ymin><xmax>119</xmax><ymax>159</ymax></bndbox></object>
  <object>
    <type>bndbox</type>
    <name>ship</name>
    <pose>Unspecified</pose>
    <truncated>0</truncated>
    <difficult>0</difficult>
    <bndbox><xmin>173</xmin><ymin>1</ymin><xmax>186</xmax><ymax>13</ymax></bndbox></object>
</annotation>