<annotation verified="no">
  <folder>S1A_IW_SLC__1SDV_20210403T233149_20210403T233217_037293_0464C2_67A6_Cal_deb_mat_ML_RGB</folder>
  <filename>S1A_IW_SLC__1SDV_20210403T233149_20210403T233217_037293_0464C2_67A6_Cal_deb_mat_ML_RGB_1_4_384_960</filename>
  <path>D:\sentinel\patch\S1A_IW_SLC__1SDV_20210403T233149_20210403T233217_037293_0464C2_67A6_Cal_deb_mat_ML_RGB\S1A_IW_SLC__1SDV_20210403T233149_20210403T233217_037293_0464C2_67A6_Cal_deb_mat_ML_RGB_1_4_384_960.png</path>
  <source>
    <database>Unknown</database>
  </source>
  <size>
    <width>256</width>
    <height>256</height>
    <depth>3</depth>
  </size>
  <segmented>0</segmented>
  <object>
    <type>bndbox</type>
    <name>ship</name>
    <pose>Unspecified</pose>
    <truncated>0</truncated>
    <difficult>0</difficult>
    <bndbox><xmin>46</xmin><ymin>35</ymin><xmax>63</xmax><ymax>56</ymax></bndbox></object>
  <object>
    <type>bndbox</type>
    <name>ship</name>
    <pose>Unspecified</pose>
    <truncated>0</truncated>
    <difficult>0</difficult>
    <bndbox><xmin>241</xmin><ymin>69</ymin><xmax>254</xmax><ymax>87</ymax></bndbox></object>
  <object>
    <type>bndbox</type>
    <name>ship</name>
    <pose>Unspecified</pose>
    <truncated>0</truncated>
    <difficult>0</difficult>
    <bndbox><xmin>156</xmin><ymin>53</ymin><xmax>174</xmax><ymax>70</ymax></bndbox></object>
  <object>
    <type>bndbox</type>
    <name>ship</name>
    <pose>Unspecified</pose>
    <truncated>0</truncated>
    <difficult>0</difficult>
    <bndbox><xmin>168</xmin><ymin>126</ymin><xmax>184</xmax><ymax>139</ymax></bndbox></object>
  <object>
    <type>bndbox</type>
    <name>ship</name>
    <pose>Unspecified</pose>
    <truncated>0</truncated>
    <difficult>0</difficult>
    <bndbox><xmin>119</xmin><ymin>131</ymin><xmax>139</xmax><ymax>150</ymax></bndbox></object>
  <object>
    <type>bndbox</type>
    <name>ship</name>
    <pose>Unspecified</pose>
    <truncated>0</truncated>
    <difficult>0</difficult>
    <bndbox><xmin>181</xmin><ymin>189</ymin><xmax>200</xmax><ymax>203</ymax></bndbox></object>
  <object>
    <type>bndbox</type>
    <name>ship</name>
    <pose>Unspecified</pose>
    <truncated>0</truncated>
    <difficult>0</difficult>
    <bndbox><xmin>1</xmin><ymin>163</ymin><xmax>6</xmax><ymax>175</ymax></bndbox></object>
  <object>
    <type>bndbox</type>
    <name>ship</name>
    <pose>Unspecified</pose>
    <truncated>0</truncated>
    <difficult>0</difficult>
    <bndbox><xmin>73</xmin><ymin>222</ymin><xmax>81</xmax><ymax>230</ymax></bndbox></object>
</annotation>