<annotation verified="no">
  <folder>S1A_IW_SLC__1SDV_20210404T174928_20210404T174955_037304_046525_9CC6_Cal_deb_mat_ML_RGB</folder>
  <filename>S1A_IW_SLC__1SDV_20210404T174928_20210404T174955_037304_046525_9CC6_Cal_deb_mat_ML_RGB_1_4_1344_960</filename>
  <path>D:\sentinel\patch\S1A_IW_SLC__1SDV_20210404T174928_20210404T174955_037304_046525_9CC6_Cal_deb_mat_ML_RGB\S1A_IW_SLC__1SDV_20210404T174928_20210404T174955_037304_046525_9CC6_Cal_deb_mat_ML_RGB_1_4_1344_960.png</path>
  <source>
    <database>Unknown</database>
  </source>
  <size>
    <width>256</width>
    <height>256</height>
    <depth>3</depth>
  </size>
  <segmented>0</segmented>
  <object>
    <type>bndbox</type>
    <name>ship</name>
    <pose>Unspecified</pose>
    <truncated>0</truncated>
    <difficult>0</difficult>
    <bndbox><xmin>80</xmin><ymin>66</ymin><xmax>98</xmax><ymax>76</ymax></bndbox></object>
</annotation>