<annotation verified="no">
  <folder>S1A_IW_SLC__1SDV_20210403T110632_20210403T110702_037285_046479_8E4F_Cal_deb_mat_ML_RGB</folder>
  <filename>S1A_IW_SLC__1SDV_20210403T110632_20210403T110702_037285_046479_8E4F_Cal_deb_mat_ML_RGB_6_3_1152_576</filename>
  <path>D:\sentinel\patch\S1A_IW_SLC__1SDV_20210403T110632_20210403T110702_037285_046479_8E4F_Cal_deb_mat_ML_RGB\S1A_IW_SLC__1SDV_20210403T110632_20210403T110702_037285_046479_8E4F_Cal_deb_mat_ML_RGB_6_3_1152_576.png</path>
  <source>
    <database>Unknown</database>
  </source>
  <size>
    <width>256</width>
    <height>256</height>
    <depth>3</depth>
  </size>
  <segmented>0</segmented>
  <object>
    <type>bndbox</type>
    <name>ship</name>
    <pose>Unspecified</pose>
    <truncated>0</truncated>
    <difficult>0</difficult>
    <bndbox><xmin>3</xmin><ymin>1</ymin><xmax>24</xmax><ymax>32</ymax></bndbox></object>
  <object>
    <type>bndbox</type>
    <name>ship</name>
    <pose>Unspecified</pose>
    <truncated>0</truncated>
    <difficult>0</difficult>
    <bndbox><xmin>148</xmin><ymin>50</ymin><xmax>156</xmax><ymax>80</ymax></bndbox></object>
  <object>
    <type>bndbox</type>
    <name>ship</name>
    <pose>Unspecified</pose>
    <truncated>0</truncated>
    <difficult>0</difficult>
    <bndbox><xmin>54</xmin><ymin>143</ymin><xmax>71</xmax><ymax>165</ymax></bndbox></object>
  <object>
    <type>bndbox</type>
    <name>ship</name>
    <pose>Unspecified</pose>
    <truncated>0</truncated>
    <difficult>0</difficult>
    <bndbox><xmin>215</xmin><ymin>222</ymin><xmax>225</xmax><ymax>241</ymax></bndbox></object>
  </annotation>