<annotation verified="no">
  <folder>S1A_IW_SLC__1SDV_20210403T233149_20210403T233217_037293_0464C2_67A6_Cal_deb_mat_ML_RGB</folder>
  <filename>S1A_IW_SLC__1SDV_20210403T233149_20210403T233217_037293_0464C2_67A6_Cal_deb_mat_ML_RGB_2_3_1152_1152</filename>
  <path>D:\sentinel\patch\S1A_IW_SLC__1SDV_20210403T233149_20210403T233217_037293_0464C2_67A6_Cal_deb_mat_ML_RGB\S1A_IW_SLC__1SDV_20210403T233149_20210403T233217_037293_0464C2_67A6_Cal_deb_mat_ML_RGB_2_3_1152_1152.png</path>
  <source>
    <database>Unknown</database>
  </source>
  <size>
    <width>256</width>
    <height>256</height>
    <depth>3</depth>
  </size>
  <segmented>0</segmented>
  <object>
    <type>bndbox</type>
    <name>ship</name>
    <pose>Unspecified</pose>
    <truncated>0</truncated>
    <difficult>0</difficult>
    <bndbox><xmin>126</xmin><ymin>89</ymin><xmax>147</xmax><ymax>119</ymax></bndbox></object>
</annotation>