<annotation verified="no">
  <folder>S1A_IW_SLC__1SDV_20210404T174903_20210404T174930_037304_046525_A254_Cal_deb_mat_ML_RGB</folder>
  <filename>S1A_IW_SLC__1SDV_20210404T174903_20210404T174930_037304_046525_A254_Cal_deb_mat_ML_RGB_6_3_384_960</filename>
  <path>D:\sentinel\patch\S1A_IW_SLC__1SDV_20210404T174903_20210404T174930_037304_046525_A254_Cal_deb_mat_ML_RGB\S1A_IW_SLC__1SDV_20210404T174903_20210404T174930_037304_046525_A254_Cal_deb_mat_ML_RGB_6_3_384_960.png</path>
  <source>
    <database>Unknown</database>
  </source>
  <size>
    <width>256</width>
    <height>256</height>
    <depth>3</depth>
  </size>
  <segmented>0</segmented>
  <object>
    <type>bndbox</type>
    <name>ship</name>
    <pose>Unspecified</pose>
    <truncated>0</truncated>
    <difficult>0</difficult>
    <bndbox><xmin>74</xmin><ymin>38</ymin><xmax>96</xmax><ymax>77</ymax></bndbox></object>
  </annotation>