<annotation verified="no">
  <folder>S1A_IW_SLC__1SDV_20210403T110632_20210403T110702_037285_046479_8E4F_Cal_deb_mat_ML_RGB</folder>
  <filename>S1A_IW_SLC__1SDV_20210403T110632_20210403T110702_037285_046479_8E4F_Cal_deb_mat_ML_RGB_6_3_1152_192</filename>
  <path>D:\sentinel\patch\S1A_IW_SLC__1SDV_20210403T110632_20210403T110702_037285_046479_8E4F_Cal_deb_mat_ML_RGB\S1A_IW_SLC__1SDV_20210403T110632_20210403T110702_037285_046479_8E4F_Cal_deb_mat_ML_RGB_6_3_1152_192.png</path>
  <source>
    <database>Unknown</database>
  </source>
  <size>
    <width>256</width>
    <height>256</height>
    <depth>3</depth>
  </size>
  <segmented>0</segmented>
  <object>
    <type>bndbox</type>
    <name>ship</name>
    <pose>Unspecified</pose>
    <truncated>0</truncated>
    <difficult>0</difficult>
    <bndbox><xmin>154</xmin><ymin>214</ymin><xmax>165</xmax><ymax>231</ymax></bndbox></object>
  <object>
    <type>bndbox</type>
    <name>ship</name>
    <pose>Unspecified</pose>
    <truncated>0</truncated>
    <difficult>0</difficult>
    <bndbox><xmin>63</xmin><ymin>211</ymin><xmax>72</xmax><ymax>230</ymax></bndbox></object>
  </annotation>