<annotation verified="no">
  <folder>HorizontalBox</folder>
  <filename>000752</filename>
  <path>D:\sentinel\annotations\HorizontalBox\000752.png</path>
  <source>
    <database>Unknown</database>
  </source>
  <size>
    <width>256</width>
    <height>256</height>
    <depth>3</depth>
  </size>
  <segmented>0</segmented>
  <object>
    <type>bndbox</type>
    <name>ship</name>
    <pose>Unspecified</pose>
    <truncated>0</truncated>
    <difficult>0</difficult>
    <bndbox>
      <xmin>173</xmin>
      <ymin>97</ymin>
      <xmax>190</xmax>
      <ymax>129</ymax>
    </bndbox>
  </object>
  <object>
    <type>bndbox</type>
    <name>ship</name>
    <pose>Unspecified</pose>
    <truncated>0</truncated>
    <difficult>0</difficult>
    <bndbox>
      <xmin>177</xmin>
      <ymin>191</ymin>
      <xmax>197</xmax>
      <ymax>210</ymax>
    </bndbox>
  </object>
</annotation>
