<annotation verified="no">
  <folder>S1A_IW_SLC__1SDV_20210407T095454_20210407T095521_037343_046675_8C1E_Cal_deb_mat_ML_RGB</folder>
  <filename>S1A_IW_SLC__1SDV_20210407T095454_20210407T095521_037343_046675_8C1E_Cal_deb_mat_ML_RGB_0_8_768_576</filename>
  <path>D:\sentinel\patch\S1A_IW_SLC__1SDV_20210407T095454_20210407T095521_037343_046675_8C1E_Cal_deb_mat_ML_RGB\S1A_IW_SLC__1SDV_20210407T095454_20210407T095521_037343_046675_8C1E_Cal_deb_mat_ML_RGB_0_8_768_576.png</path>
  <source>
    <database>Unknown</database>
  </source>
  <size>
    <width>256</width>
    <height>256</height>
    <depth>3</depth>
  </size>
  <segmented>0</segmented>
  <object>
    <type>bndbox</type>
    <name>ship</name>
    <pose>Unspecified</pose>
    <truncated>0</truncated>
    <difficult>0</difficult>
    <bndbox><xmin>23</xmin><ymin>141</ymin><xmax>55</xmax><ymax>170</ymax></bndbox></object>
  <object>
    <type>bndbox</type>
    <name>ship</name>
    <pose>Unspecified</pose>
    <truncated>0</truncated>
    <difficult>0</difficult>
    <bndbox><xmin>193</xmin><ymin>181</ymin><xmax>219</xmax><ymax>208</ymax></bndbox></object>
</annotation>