<annotation verified="no">
  <folder>S1B_IW_SLC__1SDV_20210325T014916_20210325T014943_026165_031F50_1AD8_Cal_deb_mat_ML_RGB</folder>
  <filename>S1B_IW_SLC__1SDV_20210325T014916_20210325T014943_026165_031F50_1AD8_Cal_deb_mat_ML_RGB_7_2_1536_768</filename>
  <path>D:\sentinel\patch\S1B_IW_SLC__1SDV_20210325T014916_20210325T014943_026165_031F50_1AD8_Cal_deb_mat_ML_RGB\S1B_IW_SLC__1SDV_20210325T014916_20210325T014943_026165_031F50_1AD8_Cal_deb_mat_ML_RGB_7_2_1536_768.png</path>
  <source>
    <database>Unknown</database>
  </source>
  <size>
    <width>256</width>
    <height>256</height>
    <depth>3</depth>
  </size>
  <segmented>0</segmented>
  <object>
    <type>bndbox</type>
    <name>ship</name>
    <pose>Unspecified</pose>
    <truncated>0</truncated>
    <difficult>0</difficult>
    <bndbox><xmin>54</xmin><ymin>129</ymin><xmax>69</xmax><ymax>145</ymax></bndbox></object>
</annotation>