<annotation verified="no">
  <folder>HorizontalBox</folder>
  <filename>000964</filename>
  <path>D:\sentinel\annotations\HorizontalBox\000964.png</path>
  <source>
    <database>Unknown</database>
  </source>
  <size>
    <width>256</width>
    <height>256</height>
    <depth>3</depth>
  </size>
  <segmented>0</segmented>
  <object>
    <type>bndbox</type>
    <name>ship</name>
    <pose>Unspecified</pose>
    <truncated>0</truncated>
    <difficult>0</difficult>
    <bndbox>
      <xmin>169</xmin>
      <ymin>29</ymin>
      <xmax>185</xmax>
      <ymax>61</ymax>
    </bndbox>
  </object>
</annotation>
