<annotation verified="no">
  <folder>HorizontalBox</folder>
  <filename>000999</filename>
  <path>D:\sentinel\annotations\HorizontalBox\000999.png</path>
  <source>
    <database>Unknown</database>
  </source>
  <size>
    <width>256</width>
    <height>256</height>
    <depth>3</depth>
  </size>
  <segmented>0</segmented>
  <object>
    <type>bndbox</type>
    <name>ship</name>
    <pose>Unspecified</pose>
    <truncated>0</truncated>
    <difficult>0</difficult>
    <bndbox>
      <xmin>230</xmin>
      <ymin>41</ymin>
      <xmax>255</xmax>
      <ymax>50</ymax>
    </bndbox>
  </object>
  <object>
    <type>bndbox</type>
    <name>ship</name>
    <pose>Unspecified</pose>
    <truncated>0</truncated>
    <difficult>0</difficult>
    <bndbox>
      <xmin>106</xmin>
      <ymin>184</ymin>
      <xmax>126</xmax>
      <ymax>200</ymax>
    </bndbox>
  </object>
</annotation>
