<annotation verified="no">
  <folder>S1B_IW_SLC__1SDV_20210324T212401_20210324T212435_026162_031F43_45FC_Cal_deb_mat_ML_RGB</folder>
  <filename>S1B_IW_SLC__1SDV_20210324T212401_20210324T212435_026162_031F43_45FC_Cal_deb_mat_ML_RGB_0_4_1152_0</filename>
  <path>D:\sentinel\patch\S1B_IW_SLC__1SDV_20210324T212401_20210324T212435_026162_031F43_45FC_Cal_deb_mat_ML_RGB\S1B_IW_SLC__1SDV_20210324T212401_20210324T212435_026162_031F43_45FC_Cal_deb_mat_ML_RGB_0_4_1152_0.png</path>
  <source>
    <database>Unknown</database>
  </source>
  <size>
    <width>256</width>
    <height>256</height>
    <depth>3</depth>
  </size>
  <segmented>0</segmented>
  <object>
    <type>bndbox</type>
    <name>ship</name>
    <pose>Unspecified</pose>
    <truncated>0</truncated>
    <difficult>0</difficult>
    <bndbox><xmin>47</xmin><ymin>34</ymin><xmax>64</xmax><ymax>44</ymax></bndbox></object>
</annotation>