<annotation verified="no">
  <folder>S1B_IW_SLC__1SDV_20210318T135957_20210318T140024_026070_031C51_804C_Cal_deb_mat_ML_RGB</folder>
  <filename>S1B_IW_SLC__1SDV_20210318T135957_20210318T140024_026070_031C51_804C_Cal_deb_mat_ML_RGB_6_0_1492_768</filename>
  <path>D:\sentinel\patch\S1B_IW_SLC__1SDV_20210318T135957_20210318T140024_026070_031C51_804C_Cal_deb_mat_ML_RGB\S1B_IW_SLC__1SDV_20210318T135957_20210318T140024_026070_031C51_804C_Cal_deb_mat_ML_RGB_6_0_1492_768.png</path>
  <source>
    <database>Unknown</database>
  </source>
  <size>
    <width>256</width>
    <height>256</height>
    <depth>3</depth>
  </size>
  <segmented>0</segmented>
  <object>
    <type>bndbox</type>
    <name>ship</name>
    <pose>Unspecified</pose>
    <truncated>0</truncated>
    <difficult>0</difficult>
    <bndbox><xmin>114</xmin><ymin>199</ymin><xmax>139</xmax><ymax>213</ymax></bndbox></object>
</annotation>