<annotation verified="no">
  <folder>S1A_IW_SLC__1SDV_20210408T224801_20210408T224828_037365_046736_6954_Cal_deb_mat_ML_RGB</folder>
  <filename>S1A_IW_SLC__1SDV_20210408T224801_20210408T224828_037365_046736_6954_Cal_deb_mat_ML_RGB_9_6_384_0</filename>
  <path>D:\sentinel\patch\S1A_IW_SLC__1SDV_20210408T224801_20210408T224828_037365_046736_6954_Cal_deb_mat_ML_RGB\S1A_IW_SLC__1SDV_20210408T224801_20210408T224828_037365_046736_6954_Cal_deb_mat_ML_RGB_9_6_384_0.png</path>
  <source>
    <database>Unknown</database>
  </source>
  <size>
    <width>256</width>
    <height>256</height>
    <depth>3</depth>
  </size>
  <segmented>0</segmented>
  <object>
    <type>bndbox</type>
    <name>ship</name>
    <pose>Unspecified</pose>
    <truncated>0</truncated>
    <difficult>0</difficult>
    <bndbox><xmin>8</xmin><ymin>96</ymin><xmax>37</xmax><ymax>117</ymax></bndbox></object>
  <object>
    <type>bndbox</type>
    <name>ship</name>
    <pose>Unspecified</pose>
    <truncated>0</truncated>
    <difficult>0</difficult>
    <bndbox><xmin>223</xmin><ymin>138</ymin><xmax>246</xmax><ymax>154</ymax></bndbox></object>
  <object>
    <type>bndbox</type>
    <name>ship</name>
    <pose>Unspecified</pose>
    <truncated>0</truncated>
    <difficult>0</difficult>
    <bndbox><xmin>225</xmin><ymin>191</ymin><xmax>248</xmax><ymax>204</ymax></bndbox></object>
  <object>
    <type>bndbox</type>
    <name>ship</name>
    <pose>Unspecified</pose>
    <truncated>0</truncated>
    <difficult>0</difficult>
    <bndbox><xmin>143</xmin><ymin>162</ymin><xmax>169</xmax><ymax>176</ymax></bndbox></object>
  <object>
    <type>bndbox</type>
    <name>ship</name>
    <pose>Unspecified</pose>
    <truncated>0</truncated>
    <difficult>0</difficult>
    <bndbox><xmin>142</xmin><ymin>167</ymin><xmax>165</xmax><ymax>180</ymax></bndbox></object>
  <object>
    <type>bndbox</type>
    <name>ship</name>
    <pose>Unspecified</pose>
    <truncated>0</truncated>
    <difficult>0</difficult>
    <bndbox><xmin>87</xmin><ymin>225</ymin><xmax>116</xmax><ymax>243</ymax></bndbox></object>
  </annotation>