<annotation verified="no">
  <folder>S1B_IW_SLC__1SDV_20210331T091355_20210331T091422_026257_032233_78BF_Cal_deb_mat_ML_RGB</folder>
  <filename>S1B_IW_SLC__1SDV_20210331T091355_20210331T091422_026257_032233_78BF_Cal_deb_mat_ML_RGB_4_5_1152_768</filename>
  <path>D:\sentinel\patch\S1B_IW_SLC__1SDV_20210331T091355_20210331T091422_026257_032233_78BF_Cal_deb_mat_ML_RGB\S1B_IW_SLC__1SDV_20210331T091355_20210331T091422_026257_032233_78BF_Cal_deb_mat_ML_RGB_4_5_1152_768.png</path>
  <source>
    <database>Unknown</database>
  </source>
  <size>
    <width>256</width>
    <height>256</height>
    <depth>3</depth>
  </size>
  <segmented>0</segmented>
  <object>
    <type>bndbox</type>
    <name>ship</name>
    <pose>Unspecified</pose>
    <truncated>0</truncated>
    <difficult>0</difficult>
    <bndbox><xmin>141</xmin><ymin>116</ymin><xmax>154</xmax><ymax>131</ymax></bndbox></object>
  <object>
    <type>bndbox</type>
    <name>ship</name>
    <pose>Unspecified</pose>
    <truncated>0</truncated>
    <difficult>0</difficult>
    <bndbox><xmin>180</xmin><ymin>174</ymin><xmax>190</xmax><ymax>183</ymax></bndbox></object>
  <object>
    <type>bndbox</type>
    <name>ship</name>
    <pose>Unspecified</pose>
    <truncated>0</truncated>
    <difficult>0</difficult>
    <bndbox><xmin>216</xmin><ymin>176</ymin><xmax>227</xmax><ymax>186</ymax></bndbox></object>
</annotation>