<annotation verified="no">
  <folder>S1B_IW_SLC__1SDV_20210331T091355_20210331T091422_026257_032233_78BF_Cal_deb_mat_ML_RGB</folder>
  <filename>S1B_IW_SLC__1SDV_20210331T091355_20210331T091422_026257_032233_78BF_Cal_deb_mat_ML_RGB_4_5_1344_576</filename>
  <path>D:\sentinel\patch\S1B_IW_SLC__1SDV_20210331T091355_20210331T091422_026257_032233_78BF_Cal_deb_mat_ML_RGB\S1B_IW_SLC__1SDV_20210331T091355_20210331T091422_026257_032233_78BF_Cal_deb_mat_ML_RGB_4_5_1344_576.png</path>
  <source>
    <database>Unknown</database>
  </source>
  <size>
    <width>256</width>
    <height>256</height>
    <depth>3</depth>
  </size>
  <segmented>0</segmented>
  <object>
    <type>bndbox</type>
    <name>ship</name>
    <pose>Unspecified</pose>
    <truncated>0</truncated>
    <difficult>0</difficult>
    <bndbox><xmin>63</xmin><ymin>57</ymin><xmax>82</xmax><ymax>67</ymax></bndbox></object>
  <object>
    <type>bndbox</type>
    <name>ship</name>
    <pose>Unspecified</pose>
    <truncated>0</truncated>
    <difficult>0</difficult>
    <bndbox><xmin>165</xmin><ymin>171</ymin><xmax>182</xmax><ymax>189</ymax></bndbox></object>
</annotation>