<annotation verified="no">
  <folder>S1B_IW_SLC__1SDV_20210331T091355_20210331T091422_026257_032233_78BF_Cal_deb_mat_ML_RGB</folder>
  <filename>S1B_IW_SLC__1SDV_20210331T091355_20210331T091422_026257_032233_78BF_Cal_deb_mat_ML_RGB_4_3_768_960</filename>
  <path>D:\sentinel\patch\S1B_IW_SLC__1SDV_20210331T091355_20210331T091422_026257_032233_78BF_Cal_deb_mat_ML_RGB\S1B_IW_SLC__1SDV_20210331T091355_20210331T091422_026257_032233_78BF_Cal_deb_mat_ML_RGB_4_3_768_960.png</path>
  <source>
    <database>Unknown</database>
  </source>
  <size>
    <width>256</width>
    <height>256</height>
    <depth>3</depth>
  </size>
  <segmented>0</segmented>
  <object>
    <type>bndbox</type>
    <name>ship</name>
    <pose>Unspecified</pose>
    <truncated>0</truncated>
    <difficult>0</difficult>
    <bndbox><xmin>59</xmin><ymin>156</ymin><xmax>66</xmax><ymax>167</ymax></bndbox></object>
  </annotation>